timestamp,foam_ratio
2026-10-09 13:45:55,0.4863
2026-10-09 13:45:56,0.4855
2026-10-09 13:45:57,0.4932
2026-10-09 13:45:58,0.4748
2026-10-09 13:45:59,0.4737
2026-10-09 13:46:00,0.4645
2026-10-09 13:46:01,0.4598
2026-10-09 13:46:02,0.4783
2026-10-09 13:46:03,0.4681
2026-10-09 13:46:04,0.4634
2026-10-09 13:46:05,0.4901
2026-10-09 13:46:06,0.4832
2026-10-09 13:46:07,0.4954
2026-10-09 13:46:08,0.5154
2026-10-09 13:46:09,0.4967
2026-10-09 13:46:10,0.4813
2026-10-09 13:46:11,0.4928
2026-10-09 13:46:12,0.4796
2026-10-09 13:46:13,0.4858
2026-10-09 13:46:14,0.4817
2026-10-09 13:46:15,0.4663
2026-10-09 13:46:16,0.4812
2026-10-09 13:46:17,0.4745
2026-10-09 13:46:18,0.4987
2026-10-09 13:46:19,0.4812
2026-10-09 13:46:20,0.475
2026-10-09 13:46:21,0.4625
2026-10-09 13:46:22,0.4541
2026-10-09 13:46:23,0.468
2026-10-09 13:46:24,0.4635
2026-10-09 13:46:25,0.4729
2026-10-09 13:46:26,0.4681
2026-10-09 13:46:27,0.4765
2026-10-09 13:46:28,0.4816
2026-10-09 13:46:29,0.4853
2026-10-09 13:46:30,0.4842
2026-10-09 13:46:31,0.4801
2026-10-09 13:46:32,0.4782
2026-10-09 13:46:33,0.4697
2026-10-09 13:46:34,0.4735
2026-10-09 13:46:35,0.4756
2026-10-09 13:46:36,0.4841
2026-10-09 13:46:37,0.4874
2026-10-09 13:46:38,0.4896
2026-10-09 13:46:39,0.4893
2026-10-09 13:46:40,0.4818
2026-10-09 13:46:41,0.4794
2026-10-09 13:46:42,0.4778
2026-10-09 13:46:43,0.4768
2026-10-09 13:46:44,0.4797
2026-10-09 13:46:45,0.4885
2026-10-09 13:46:46,0.4925
2026-10-09 13:46:47,0.4921
2026-10-09 13:46:48,0.4884
2026-10-09 13:46:49,0.4651
2026-10-09 13:46:50,0.4842
2026-10-09 13:46:51,0.4877
2026-10-09 13:46:52,0.4677
2026-10-09 13:46:53,0.4738
2026-10-09 13:46:54,0.5035
2026-10-09 13:46:55,0.4941
2026-10-09 13:46:56,0.4919
2026-10-09 13:46:57,0.4994
2026-10-09 13:46:59,0.4944
2026-10-09 13:47:00,0.4857
2026-10-09 13:47:01,0.484
2026-10-09 13:47:02,0.4788
2026-10-09 13:47:03,0.4819
2026-10-09 13:47:04,0.484
2026-10-09 13:47:05,0.4713
2026-10-09 13:47:06,0.4787
2026-10-09 13:47:07,0.4651
2026-10-09 13:47:08,0.4712
2026-10-09 13:47:09,0.4653
2026-10-09 13:47:10,0.4851
2026-10-09 13:47:11,0.4894
2026-10-09 13:47:12,0.4859
2026-10-09 13:47:13,0.4784
2026-10-09 13:47:14,0.4943
2026-10-09 13:47:15,0.4739
2026-10-09 13:47:16,0.4869
2026-10-09 13:47:17,0.4823
2026-10-09 13:47:18,0.4873
2026-10-09 13:47:19,0.4827
2026-10-09 13:47:20,0.4691
2026-10-09 13:47:21,0.4929
2026-10-09 13:47:22,0.4717
2026-10-09 13:47:23,0.4911
2026-10-09 13:47:24,0.4788
2026-10-09 13:47:25,0.4814
2026-10-09 13:47:26,0.4795
2026-10-09 13:47:27,0.4812
2026-10-09 13:47:28,0.4755
2026-10-09 13:47:29,0.4828
2026-10-09 13:47:30,0.4724
2026-10-09 13:47:31,0.4928
2026-10-09 13:47:32,0.4721
2026-10-09 13:47:33,0.4893
2026-10-09 13:47:34,0.497
2026-10-09 13:47:35,0.4947
2026-10-09 13:47:36,0.493
2026-10-09 13:47:37,0.4846
2026-10-09 13:47:38,0.4852
2026-10-09 13:47:39,0.4834
2026-10-09 13:47:40,0.4892
2026-10-09 13:47:41,0.4869
2026-10-09 13:47:42,0.4876
2026-10-09 13:47:43,0.4936
2026-10-09 13:47:44,0.4853
2026-10-09 13:47:45,0.4798
2026-10-09 13:47:46,0.4787
2026-10-09 13:47:47,0.4802
2026-10-09 13:47:48,0.4899
2026-10-09 13:47:49,0.4905
2026-10-09 13:47:50,0.4912
2026-10-09 13:47:51,0.4704
2026-10-09 13:47:52,0.4949
2026-10-09 13:47:53,0.473
2026-10-09 13:47:54,0.4824
2026-10-09 13:47:55,0.4719
2026-10-09 13:47:56,0.5023
2026-10-09 13:47:57,0.4966
2026-10-09 13:47:58,0.4939
2026-10-09 13:47:59,0.4585
2026-10-09 13:48:00,0.4633
2026-10-09 13:48:01,0.4628
2026-10-09 13:48:02,0.4657
2026-10-09 13:48:03,0.4696
2026-10-09 13:48:04,0.4612
2026-10-09 13:48:06,0.4672
2026-10-09 13:48:07,0.4674
2026-10-09 13:48:08,0.4598
2026-10-09 13:48:09,0.4559
2026-10-09 13:48:10,0.4727
2026-10-09 13:48:11,0.4904
2026-10-09 13:48:12,0.4787
2026-10-09 13:48:13,0.4803
2026-10-09 13:48:14,0.4539
2026-10-09 13:48:15,0.4627
2026-10-09 13:48:16,0.4731
2026-10-09 13:48:17,0.4774
2026-10-09 13:48:18,0.4753
2026-10-09 13:48:19,0.4937
2026-10-09 13:48:20,0.4761
2026-10-09 13:48:21,0.4769
2026-10-09 13:48:22,0.4812
2026-10-09 13:48:23,0.4883
2026-10-09 13:48:24,0.4816
2026-10-09 13:48:25,0.4964
2026-10-09 13:48:26,0.506
2026-10-09 13:48:27,0.4933
2026-10-09 13:48:28,0.4983
2026-10-09 13:48:29,0.4871
2026-10-09 13:48:30,0.4812
2026-10-09 13:48:31,0.4932
2026-10-09 13:48:32,0.4721
2026-10-09 13:57:04,0.4719
2026-10-09 13:57:05,0.4791
2026-10-09 13:57:06,0.482
2026-10-09 13:57:07,0.489
2026-10-09 13:57:08,0.484
2026-10-09 13:57:09,0.4735
2026-10-09 13:57:10,0.4674
2026-10-09 13:57:12,0.4671
2026-10-09 13:57:13,0.4652
2026-10-09 13:57:14,0.4697
2026-10-09 13:57:15,0.4696
2026-10-09 13:57:17,0.4594
2026-10-09 13:57:18,0.464
2026-10-09 13:57:20,0.4714
2026-10-09 13:57:22,0.4707
2026-10-09 13:57:23,0.4691
2026-10-09 13:57:24,0.4644
2026-10-09 13:57:25,0.4644
2026-10-09 13:57:27,0.4589
2026-10-09 13:57:28,0.4614
2026-10-09 13:57:29,0.4573
2026-10-09 13:57:30,0.5003
2026-10-09 13:57:31,0.4715
2026-10-09 13:57:32,0.4364
