timestamp,foam_ratio,cx,cy,dx,dy
2026-10-09 14:01:42,0.4741,625.7,373.0,-0.019,-0.114
2026-10-09 14:01:43,0.4695,623.6,371.7,-0.028,-0.128
2026-10-09 14:01:44,0.4656,628.7,371.9,-0.006,-0.126
2026-10-09 14:01:45,0.4668,627.9,371.0,-0.009,-0.136
2026-10-09 14:01:46,0.4625,625.7,370.5,-0.018,-0.14
2026-10-09 14:01:47,0.4699,627.0,371.4,-0.013,-0.132
2026-10-09 14:01:48,0.4817,627.8,371.9,-0.009,-0.126
2026-10-09 14:01:49,0.4791,625.7,372.8,-0.018,-0.117
2026-10-09 14:01:50,0.5012,626.0,374.2,-0.017,-0.102
2026-10-09 14:01:51,0.512,630.7,374.8,0.003,-0.096
2026-10-09 14:01:52,0.4864,630.9,373.1,0.004,-0.114
2026-10-09 14:01:53,0.4911,629.6,374.0,-0.002,-0.104
2026-10-09 14:01:54,0.4876,628.4,373.8,-0.007,-0.106
2026-10-09 14:01:55,0.4639,624.9,372.4,-0.022,-0.121
2026-10-09 14:01:56,0.4706,624.8,371.5,-0.022,-0.131
2026-10-09 14:01:57,0.4659,622.7,371.3,-0.032,-0.133
2026-10-09 14:01:58,0.4555,629.2,370.8,-0.003,-0.137
2026-10-09 14:01:59,0.461,631.5,370.3,0.006,-0.143
2026-10-09 14:02:00,0.4522,628.1,370.7,-0.008,-0.139
2026-10-09 14:02:01,0.4506,627.1,372.1,-0.013,-0.123
2026-10-09 14:02:02,0.4458,625.2,371.3,-0.021,-0.132
2026-10-09 14:02:03,0.4453,624.1,370.9,-0.026,-0.136
2026-10-09 14:02:04,0.4632,626.8,371.5,-0.014,-0.13
2026-10-09 14:02:05,0.464,629.6,373.0,-0.002,-0.114
2026-10-09 14:02:07,0.4843,633.9,374.6,0.016,-0.098
2026-10-09 14:02:08,0.4874,633.5,373.4,0.015,-0.11
2026-10-09 14:02:09,0.4853,632.0,373.3,0.008,-0.112
2026-10-09 14:02:10,0.4826,634.8,372.6,0.02,-0.118
2026-10-09 14:02:11,0.4958,636.0,373.4,0.026,-0.11
2026-10-09 14:02:12,0.4855,633.9,372.8,0.017,-0.117
2026-10-09 14:02:13,0.493,635.3,373.3,0.022,-0.111
2026-10-09 14:02:14,0.4928,635.4,373.8,0.023,-0.106
2026-10-09 14:02:15,0.489,634.2,373.2,0.018,-0.112
2026-10-09 14:02:16,0.4844,634.0,372.4,0.017,-0.12
2026-10-09 14:02:17,0.4824,633.1,372.2,0.013,-0.123
2026-10-09 14:02:19,0.4861,631.6,371.6,0.007,-0.129
2026-10-09 14:02:20,0.4905,632.4,371.2,0.01,-0.133
2026-10-09 14:02:21,0.488,633.2,371.2,0.014,-0.133
2026-10-09 14:02:23,0.4851,633.6,371.4,0.015,-0.131
2026-10-09 14:02:25,0.4805,634.0,371.3,0.017,-0.132
2026-10-09 14:02:26,0.4791,634.9,371.4,0.021,-0.131
2026-10-09 14:02:27,0.4723,633.5,371.1,0.015,-0.134
2026-10-09 14:08:24,0.4799,623.9,370.4,-0.026,-0.142
2026-10-09 14:08:25,0.4735,629.9,368.6,-0.0,-0.16
2026-10-09 14:08:26,0.4709,629.3,369.6,-0.003,-0.15
2026-10-09 14:08:27,0.4655,629.9,369.1,-0.0,-0.155
2026-10-09 14:08:28,0.4629,626.6,368.6,-0.015,-0.16
2026-10-09 14:08:29,0.4672,626.1,368.0,-0.017,-0.167
2026-10-09 14:08:30,0.4604,626.9,368.7,-0.013,-0.159
2026-10-09 14:08:31,0.4531,629.3,369.9,-0.003,-0.146
2026-10-09 14:08:32,0.467,628.6,369.1,-0.006,-0.155
2026-10-09 14:08:33,0.4682,627.4,370.0,-0.011,-0.146
2026-10-09 14:08:34,0.476,628.4,371.0,-0.007,-0.135
2026-10-09 14:08:35,0.4731,625.5,371.0,-0.019,-0.135
2026-10-09 14:08:36,0.4846,626.4,372.8,-0.016,-0.116
2026-10-09 14:08:37,0.5061,626.3,373.5,-0.016,-0.109
2026-10-09 14:08:39,0.5068,627.9,373.8,-0.009,-0.106
2026-10-09 14:08:40,0.4743,626.4,374.1,-0.016,-0.103
2026-10-09 14:08:41,0.4795,624.9,373.9,-0.022,-0.105
2026-10-09 14:08:42,0.4916,623.8,374.2,-0.027,-0.102
2026-10-09 14:08:43,0.4772,622.7,374.6,-0.032,-0.098
2026-10-09 14:08:44,0.4967,627.8,376.5,-0.01,-0.078
2026-10-09 14:08:45,0.5049,625.5,376.5,-0.019,-0.078
2026-10-09 14:08:46,0.4807,625.2,375.1,-0.021,-0.092
2026-10-09 14:08:47,0.4953,627.3,377.5,-0.012,-0.067
2026-10-09 14:08:48,0.5092,630.9,377.8,0.004,-0.065
2026-10-09 14:08:49,0.4809,629.1,375.2,-0.004,-0.092
2026-10-09 14:08:50,0.4838,630.5,375.2,0.002,-0.091
2026-10-09 14:08:51,0.4852,624.5,373.9,-0.024,-0.105
2026-10-09 14:08:52,0.4912,629.0,376.1,-0.004,-0.083
2026-10-09 14:08:53,0.4925,625.4,375.1,-0.02,-0.092
2026-10-09 14:08:54,0.4862,624.5,373.9,-0.024,-0.105
2026-10-09 14:08:56,0.489,627.1,374.6,-0.012,-0.098
2026-10-09 14:08:57,0.4938,628.2,375.0,-0.008,-0.094
2026-10-09 14:08:58,0.5026,629.7,375.8,-0.001,-0.086
2026-10-09 14:08:59,0.5051,631.5,375.7,0.006,-0.086
2026-10-09 14:09:00,0.4959,630.2,375.2,0.001,-0.091
2026-10-09 14:09:01,0.4886,630.4,375.9,0.001,-0.084
2026-10-09 14:09:02,0.495,631.9,376.5,0.008,-0.078
2026-10-09 14:09:03,0.4939,630.4,373.5,0.002,-0.109
2026-10-09 14:09:04,0.4833,629.0,374.1,-0.005,-0.104
2026-10-09 14:09:05,0.5173,628.8,373.7,-0.005,-0.107
2026-10-09 14:09:06,0.4855,628.4,372.8,-0.007,-0.116
2026-10-09 14:09:07,0.5015,630.3,374.1,0.001,-0.103
2026-10-09 14:09:08,0.4771,627.5,372.5,-0.011,-0.119
2026-10-09 14:09:09,0.4622,627.5,371.9,-0.011,-0.126
2026-10-09 14:09:11,0.4581,626.9,371.8,-0.013,-0.127
2026-10-09 14:09:12,0.4531,626.8,371.3,-0.014,-0.132
2026-10-09 14:09:13,0.4622,628.0,372.0,-0.009,-0.125
2026-10-09 14:09:14,0.4613,628.5,372.1,-0.006,-0.123
2026-10-09 14:09:15,0.4575,629.2,371.1,-0.004,-0.134
2026-10-09 14:09:16,0.459,627.1,370.9,-0.013,-0.136
2026-10-09 14:09:17,0.4674,626.1,371.5,-0.017,-0.131
2026-10-09 14:09:18,0.4686,626.5,371.9,-0.015,-0.126
2026-10-09 14:09:19,0.4658,626.4,372.1,-0.016,-0.124
2026-10-09 14:09:20,0.4639,626.9,371.7,-0.013,-0.128
2026-10-09 14:09:22,0.4576,627.1,371.5,-0.013,-0.13
2026-10-09 14:09:23,0.4491,627.9,371.0,-0.009,-0.135
2026-10-09 14:09:24,0.4663,629.7,371.5,-0.001,-0.13
2026-10-09 14:09:25,0.4729,630.2,371.0,0.001,-0.136
2026-10-09 14:09:26,0.4779,631.3,372.0,0.005,-0.125
2026-10-09 14:09:27,0.4739,630.3,372.7,0.001,-0.118
2026-10-09 14:09:28,0.4627,628.8,372.2,-0.005,-0.123
2026-10-09 14:09:29,0.4608,628.1,372.2,-0.008,-0.123
2026-10-09 14:09:30,0.4591,626.3,371.5,-0.016,-0.13
2026-10-09 14:09:31,0.4553,626.2,370.3,-0.017,-0.142
2026-10-09 14:09:33,0.4581,627.0,370.3,-0.013,-0.143
2026-10-09 14:09:34,0.4781,627.9,374.6,-0.009,-0.098
2026-10-09 14:09:35,0.4787,625.1,375.0,-0.021,-0.093
2026-10-09 14:09:36,0.4828,625.3,374.4,-0.02,-0.1
2026-10-09 14:09:37,0.4732,625.1,373.9,-0.021,-0.105
2026-10-09 14:09:38,0.4885,628.4,372.9,-0.007,-0.116
2026-10-09 14:09:39,0.491,629.3,373.7,-0.003,-0.107
2026-10-09 14:09:40,0.4959,628.5,375.8,-0.007,-0.085
2026-10-09 14:09:41,0.5034,629.6,375.8,-0.002,-0.086
2026-10-09 14:09:42,0.4976,629.5,375.3,-0.002,-0.09
2026-10-09 14:09:43,0.4892,628.3,374.0,-0.007,-0.104
2026-10-09 14:09:44,0.4954,630.8,372.5,0.003,-0.119
2026-10-09 14:09:45,0.475,625.2,369.5,-0.021,-0.151
2026-10-09 14:09:46,0.4678,622.7,369.9,-0.031,-0.147
2026-10-09 14:09:47,0.4864,626.1,371.2,-0.017,-0.133
2026-10-09 14:09:48,0.4816,624.0,374.5,-0.026,-0.099
2026-10-09 14:09:49,0.4848,623.8,374.5,-0.027,-0.099
2026-10-09 14:09:50,0.5143,622.4,374.3,-0.033,-0.101
2026-10-09 14:09:51,0.4891,624.6,372.5,-0.023,-0.12
2026-10-09 14:09:53,0.4892,627.3,373.2,-0.012,-0.112
2026-10-09 14:09:54,0.4834,631.0,373.4,0.004,-0.111
2026-10-09 14:09:55,0.4827,629.4,373.1,-0.003,-0.114
2026-10-09 14:09:56,0.4849,626.3,373.0,-0.016,-0.115
2026-10-09 14:09:57,0.486,629.6,372.6,-0.002,-0.119
2026-10-09 14:09:58,0.4859,630.0,372.6,-0.0,-0.118
2026-10-09 14:09:59,0.4885,630.8,372.6,0.003,-0.118
2026-10-09 14:10:00,0.4883,629.4,372.6,-0.003,-0.119
2026-10-09 14:10:01,0.479,628.0,373.5,-0.009,-0.109
2026-10-09 14:10:02,0.4735,627.8,374.4,-0.01,-0.099
2026-10-09 14:10:03,0.4792,625.9,372.5,-0.018,-0.12
2026-10-09 14:10:04,0.4828,627.5,373.7,-0.011,-0.107
2026-10-09 14:10:05,0.4566,627.9,372.7,-0.009,-0.118
2026-10-09 14:10:06,0.4949,627.6,373.2,-0.01,-0.113
2026-10-09 14:12:18,0.4928,631.1,371.4,0.005,-0.131
2026-10-09 14:12:20,0.4874,629.1,371.0,-0.004,-0.135
2026-10-09 14:12:21,0.4859,628.9,371.0,-0.005,-0.135
2026-10-09 14:12:22,0.4827,629.5,371.7,-0.002,-0.127
2026-10-09 14:12:23,0.4783,626.3,372.4,-0.016,-0.121
2026-10-09 14:12:24,0.4761,626.5,371.8,-0.015,-0.127
2026-10-09 14:12:26,0.4765,624.5,371.8,-0.024,-0.127
2026-10-09 14:12:27,0.4777,625.1,372.2,-0.021,-0.123
2026-10-09 14:12:28,0.487,625.4,372.4,-0.02,-0.12
2026-10-09 14:12:30,0.4836,626.1,373.0,-0.017,-0.115
2026-10-09 14:12:31,0.4822,627.0,373.2,-0.013,-0.113
2026-10-09 14:12:32,0.4825,627.6,373.2,-0.011,-0.112
2026-10-09 14:12:33,0.4807,627.8,373.1,-0.009,-0.113
2026-10-09 14:12:34,0.4784,626.7,372.3,-0.014,-0.121
2026-10-09 14:12:35,0.4902,627.5,371.4,-0.011,-0.131
2026-10-09 14:12:36,0.4886,628.0,371.4,-0.009,-0.131
2026-10-09 14:12:37,0.4886,626.6,372.3,-0.015,-0.121
2026-10-09 14:12:38,0.5045,628.5,374.0,-0.006,-0.104
2026-10-09 14:12:39,0.4906,628.3,372.9,-0.007,-0.115
2026-10-09 14:12:41,0.4916,619.2,374.4,-0.047,-0.099
2026-10-09 14:12:42,0.4752,626.1,370.0,-0.017,-0.145
2026-10-09 14:12:43,0.4618,619.9,370.0,-0.043,-0.146
2026-10-09 14:12:44,0.4781,627.4,372.0,-0.011,-0.124
2026-10-09 14:12:45,0.4685,626.6,369.7,-0.015,-0.148
2026-10-09 18:16:59,0.4296,625.3,360.5,-0.03,-0.203
2026-10-09 18:17:00,0.3982,624.6,358.6,-0.029,-0.222
2026-10-09 18:17:01,0.3948,623.6,356.6,-0.038,-0.242
2026-10-09 18:17:02,0.407,625.0,358.4,-0.031,-0.225
2026-10-09 18:17:03,0.3988,624.4,357.3,-0.04,-0.232
2026-10-09 18:17:04,0.4043,625.0,359.4,-0.033,-0.215
2026-10-09 18:17:05,0.4041,624.6,360.2,-0.035,-0.208
2026-10-09 18:17:06,0.3965,624.5,359.3,-0.033,-0.217
2026-10-09 18:17:07,0.4033,623.7,356.7,-0.035,-0.247
2026-10-09 18:17:08,0.3872,625.2,355.2,-0.03,-0.261
2026-10-09 18:17:09,0.3871,623.7,353.4,-0.038,-0.28
2026-10-09 18:17:10,0.388,624.5,357.4,-0.033,-0.237
2026-10-09 18:17:11,0.3955,626.0,356.4,-0.029,-0.245
2026-10-09 18:17:12,0.4112,627.6,357.2,-0.02,-0.232
2026-10-09 18:17:13,0.4043,625.5,358.6,-0.031,-0.222
2026-10-09 18:17:14,0.3985,624.7,358.0,-0.028,-0.234
2026-10-09 18:17:16,0.4057,627.0,357.0,-0.021,-0.238
2026-10-09 18:17:17,0.4081,630.5,357.5,-0.008,-0.236
2026-10-09 18:17:18,0.4049,629.4,357.4,-0.009,-0.236
2026-10-09 18:17:19,0.4199,628.6,357.5,-0.012,-0.237
